##
## Alla lokalradiostationer
##
Sveriges Radio P1,				    http://sverigesradio.se/topsy/direkt/132-hi-mp3.m3u     
Sveriges Radio P2,				    http://sverigesradio.se/topsy/direkt/2562-hi-mp3.m3u        
Sveriges Radio P3,				    http://sverigesradio.se/topsy/direkt/164-hi-mp3.m3u        
Sveriges Radio P4 Blekinge,	        http://sverigesradio.se/topsy/direkt/213-hi-mp3.m3u
Sveriges Radio P4 Dalarna,		    http://sverigesradio.se/topsy/direkt/223-hi-mp3.m3u    
Sveriges Radio P4 Gotland,		    http://sverigesradio.se/topsy/direkt/205-hi-mp3.m3u 
Sveriges Radio P4 Gävleborg,	    http://sverigesradio.se/topsy/direkt/210-hi-mp3.m3u 
Sveriges Radio P4 Göteborg,	        http://sverigesradio.se/topsy/direkt/212-hi-mp3.m3u         
Sveriges Radio P4 Halland,		    http://sverigesradio.se/topsy/direkt/220-hi-mp3.m3u         
Sveriges Radio P4 Jämtland,	        http://sverigesradio.se/topsy/direkt/200-hi-mp3.m3u        
Sveriges Radio P4 Jönköping,	    http://sverigesradio.se/topsy/direkt/203-hi-mp3.m3u         
Sveriges Radio P4 Kalmar,		    http://sverigesradio.se/topsy/direkt/201-hi-mp3.m3u         
Sveriges Radio P4 Kristianstad,     http://sverigesradio.se/topsy/direkt/211-hi-mp3.m3u         
Sveriges Radio P4 Kronoberg,	    http://sverigesradio.se/topsy/direkt/214-hi-mp3.m3u         
Sveriges Radio P4 Malmöhus,	        http://sverigesradio.se/topsy/direkt/207-hi-mp3.m3u         
Sveriges Radio P4 Norrbotten,	    http://sverigesradio.se/topsy/direkt/209-hi-mp3.m3u         
Sveriges Radio P4 Sjuhärad,	        http://sverigesradio.se/topsy/direkt/206-hi-mp3.m3u         
Sveriges Radio P4 Skaraborg,	    http://sverigesradio.se/topsy/direkt/208-hi-mp3.m3u         
Sveriges Radio P4 Stockholm,	    http://sverigesradio.se/topsy/direkt/701-hi-mp3.m3u         
Sveriges Radio P4 Sörmland,	        http://sverigesradio.se/topsy/direkt/202-hi-mp3.m3u         
Sveriges Radio P4 Uppland,		    http://sverigesradio.se/topsy/direkt/218-hi-mp3.m3u         
Sveriges Radio P4 Värmland,	        http://sverigesradio.se/topsy/direkt/204-hi-mp3.m3u         
Sveriges Radio P4 Väst,		        http://sverigesradio.se/topsy/direkt/219-hi-mp3.m3u         
Sveriges Radio P4 Västerbotten,	    http://sverigesradio.se/topsy/direkt/215-hi-mp3.m3u         
Sveriges Radio P4 Västernorrland,	http://sverigesradio.se/topsy/direkt/216-hi-mp3.m3u         
Sveriges Radio P4 Västmanland,	    http://sverigesradio.se/topsy/direkt/217-hi-mp3.m3u         
Sveriges Radio P4 Örebro,		    http://sverigesradio.se/topsy/direkt/221-hi-mp3.m3u         
Sveriges Radio P4 Östergötland,     http://sverigesradio.se/topsy/direkt/222-hi-mp3.m3u         
